01/01/2014	sanzo	w00p|Sanzo		was 14/01/2015 11:25:17
14/01/2015 11:25:44	million	|oNe|Million		
14/01/2015 11:48:19	lucas	w00p|Lucas		
14/01/2015 12:01:36	lozi	Lozi"		
01/01/2015 12:27:11	dam	w00p|Dam.		
14/01/2015 12:46:41	grazy	|AoX|Grazy		
14/01/2015 12:54:57	exoduss	ExodusS		
14/01/2015 14:55:14	mise	Mise=MyS=		
14/01/2015 15:29:59	chill	.45|Chill		
14/01/2015 15:30:21	redbull	w00p|Redbull		
14/01/2015 15:50:03	endgame	FD*EndGame		
14/01/2015 15:59:07	faker	Faker		
14/01/2015 16:32:13	ven	queensKing		
14/01/2015 23:34:12	phantom	fantasma		
15/01/2015 14:43:56	youngstud	YoungStud		
15/01/2015 15:48:12	brett	Brett{TyD}		
15/01/2015 15:56:56	utah	Utah		
15/01/2015 16:16:48	reedie	|dR|Reedie		
15/01/2015 16:24:01	nemo	|FaD|I<3u		
15/01/2015 17:14:33	condy	STK#Condy		
15/01/2015 23:28:47	coxa	w00p|CoxA*		
15/01/2015 23:31:47	swatllama	swatllama		
15/01/2015 23:59:58	xemi	.rC|xemi		
16/01/2015 11:28:49	morgkell	|KH|MorganKell		
16/01/2015 13:18:58	madcatz	|AoX|madcatz^		
16/01/2015 13:45:44	meanduck	|FaD|meanduck		
16/01/2015 16:57:04	elcrema	ElCre#M|A#		
16/01/2015 22:30:12	swarmed	-xW-#$w@rM3D*		
01/01/2015	honor	w00p|Honor		
17/01/2015 02:08:45	sam	S4m'bnQ		
17/01/2015 03:11:29	rayden	~FEL~.RayDen		
17/01/2015 07:50:30	hernan	~FEL~HGF-ARG		
17/01/2015 10:34:31	quico	[PSY]quico		
17/01/2015 12:40:08	echo	w00p|.ech0		
17/01/2015 14:19:54	speedy	Sp33dy|3i|		
18/01/2015 12:24:17	harrek	w00p|Harrek		
18/01/2015 14:33:24	mac	|#LC*|m@C		
19/01/2015 16:13:58	narcotik	{BoB}Narco[T]iK		
19/01/2015 16:51:38	alpha	Alpha{BoB}		
19/01/2015 21:10:28	subby	|AoX|Subby		
19/01/2015 23:33:41	hawk	hawk		
20/01/2015 06:29:08	sexoloco	~FEL~SEXOLOCO		
20/01/2015 10:24:23	bunny	w00p|bunny		
20/01/2015 17:38:35	atomikk	|#LC*|AtoMikK		
21/01/2015 01:48:49	hades	w00p|hades		
21/01/2015 03:16:44	lean	LeaN~		
21/01/2015 17:45:32	valf	valf13		
21/01/2015	zerox	Zer0x		
21/01/2015 19:06:46	blackoups	BlackOups		
22/01/2015 12:36:52	ketar	3i|Ketar*		
23/01/2015 10:01:54	versace	Versace=MyS=		
25/01/2015 14:59:35	piton	STK#PiToN		
27/01/2015 03:39:00	vrm	|oNe|VERMI		
27/01/2015 21:09:22	bernatix	~FEL~|Sullivan|		
27/01/2015 22:52:28	hustlin	-xW-#Hustlin		
28/01/2015 16:43:00	fede	FD*Federico.		
01/01/2015 10:00:00	master	CR7		
03/02/2015 22:16:42	life	w00p|LiFe.		
03/02/2015 23:32:41	gazda	FD*Gazda		
10/02/2015 00:05:50	hitman	*[BRC]*H1TM4N*		
21/02/2015 21:18:38	enty	*[BRC]*.EnTy^		
22/02/2015 03:28:07	padfoot	.4X|Padfoot		
2015-02-27	lozi	Lozi		
03/11/2014	drakas	w00p|Drakas		
28/02/2015 17:56:08	rafael	*[BRC]*.RafaeL		
02/03/2015 02:17:57	badmonkey	|FaD|BaDMonkey		
01/01/2015	robaum	*[BRC]*.Robaum!		
06/03/2015 22:08:00	fury	FURY*[BRC]*		
2015-03-07	narcotik	-xW-#NarcotiK		
20/03/2015 20:31:17	crash	crash		
30/03/2015 01:16:23	oldchill	U|Chill		
03/04/2015 03:12:38	abyss	STK#abyss		
2015-04-05	abyss	*[BRC]*abyss		
07/04/2015 12:09:58	graziano	.4X|Grazy		
12/04/2015 14:39:00	lexus	.LeXuS''		
2015-04-17	bernatix	-Bernatix.		
17/04/2015 18:09:55	yang	*[BRC]*.Yang*		
2015-04-19	lozi	w00p|Lozi		
01/01/2015 05:46:41	catico	U|Catico		
2015-04-24	piton	*[BRC]*PiToN		
27/04/2015 10:26:50	feeh	kennyS		
01/11/2014	lucas	w00p|Lucas		
2015-12-01	brett	Brett		
2015-11-01	nemo	|BC|I<3u		
05/12/2015 21:01:58	abc	cannonfodder		
05/12/2015 21:37:44	veritas	|BC|Veritas		
2015-01-01	veritas	|BC|Veritas		
05/12/2015 22:09:56	dxservers	DaylixX		
2015-01-01	dxservers	DaylixX		
05/12/2015 22:28:26	piotrekmpc	piotrekmpc		
2015-10-01	piotrekmpc	piotrekmpc		
2015-12-01	quico	quico		
06/12/2015 10:19:09	roms	aR#Rom's		
2015-10-01	roms	aR#Rom's		
2015-01-02	roms	~EW#Rom's_love		
2015-12-01	condy	condy+BRA+		
2015-10-01	rayden	|BC|.RayDen		
2015-10-02	mac	m@C		
06/12/2015 20:12:07	geatzo	aR#*G		
2015-05-01	geatzo	aR#*G		
06/12/2015 21:00:05	marlboro	aR#Marlboro		
2015-05-01	marlboro	aR#Marlboro		
2015-12-01	crash	U|crash		
2015-06-01	ketar	Ketar*		
08/12/2015 21:14:45	hakou	AC...		
2015-08-01	hakou	AC...		
09/12/2015 12:06:59	riko	.vM|Riko		
09/12/2015 16:06:11	troll	|DnC|Troll		
2015-11-01	meanduck	meanduck		
10/12/2015 17:32:10	chm	champo		
10/12/2015 19:39:59	aarmaa	<(*)aarmaageedo		
2015-09-01	aarmaa	aarmaageedoon		
2015-10-01	fede	Fede|oNe|		
01/01/2015 20:19:54	lantern	LaNterN.|oNe|		
2015-05-01	subjective	-Subjective		
11/12/2015 22:00:57	dogdancing	Dog|BC|Dancing		
2015-08-01	dogdancing	Dog|BC|Dancing		
11/12/2015 23:06:30	flint	Pi_Flint		
2015-08-01	flint	Pi_Flint		
12/11/2015	timber	Timber		
2015-12-01	graziano	|DnC|Grazy		
2015-12-01	million	Million		
23/12/2015 20:16:19	zangetsu	Zangetsu		
2015-12-23	madcatz	|DnC|madcatz		
24/12/2015 11:57:48	illumina	IlluMiNa		
01/12/2015	illumina	IlluMiNa		
2015-12-15	enty	iR|.EnTy^		
25/12/2015 11:11:31	ben	BEN10		
2015-10-01	ben	BEN10		
2015-12-01	piton	iR|Piton		
2015-12-01	rafael	iR|.Rafa*		
15/12/2015	subjective	|DnC|Subjective		
2015-12-15	fury	iR|FURY		
2015-01-15	faker	Faker		
01/10/2015	hure	|BC|hure		
2015-12-26	zangetsu	.45|Zangetsu		
2015-12-25	endgame	<(*)EndGame		
01/01/2015	hugs	Hugs		27/12/2015 14:41:38
28/12/2015 12:43:01	waleed	.vM|W@leed		
28/12/2015 20:32:28	ced	ced		
2015-01-01	ced	Ced		
2015-12-25	quico	|#LC*|quico		
30/12/2015 14:27:07	bob	{BoB}Jonux		
01/01/2015	feng	Feng=MyS=		
2016-01-01	rafael	iR|.Rafaa*		
2015-12-25	condy	+BRA+condy		
01/01/2015	edwd	IMNT.Edy		
2016-01-03	quico	quico		
2016-01-01	condy	condy		
2015-01-01	aarmaa	FD*armagedon		
01/01/2015	bob	{BoB}Jonux		
05/01/2016 13:11:25	thirtytwo	|KH|32		
2015-01-01	thirtytwo	|KH|32		
2016-01-04	mise	mise		
2016-01-04	roms	ESL|Rom's		
2015-12-01	marlboro	ESL|Marlboro		
28/12/2015	marlboro	*[BRC]*Marlboro		
2016-01-01	aarmaa	aarmaageedoon		
05/01/2016 20:05:07	tea	Tea|savage		
06/01/2016 19:51:38	damiahn	-M|A-Damiahn		
2015-01-01	damiahn	-M|A-Damiahn		
2016-01-06	piotrekmpc	<(*)Pio		
01/01/2015	kirby	Kirby		
2016-01-07	million	w00p|Million		
01/01/2014	tiago	*[BRC]*TiAg0		
2015-10-01	robaum	*[BRC]*FaeL		
2016-01-07	piotrekmpc	piotrekmpc		
01/01/2015	fabio	*[BRC]*Wallp		
01/01/2015	mars	mars'FRA		
01/01/2015	fear	|#LC*|Fearles		
2015-12-01	badmonkey	|DnC|BaDMonkey		
01/01/2015	rob	Pi_Robtics		
01/01/2016	zodii	Zodiac		
2015-11-01	zodii	ESL|Zodiac		
01/01/2015	rndmz	rndmz		
01/01/2015	unarmed	BouZ3BaL		
01/01/2015	pweaks	Pweaks|oNe|		
14/01/2016	fury	mibr|fRy.		
01/01/2015	stoune	IMNT.$tOuN3*		
01/01/2015	hex	H3X		
2016-01-16	fury	iR|FURY		
17/01/2016	vmc	.vM|Humbucker		
01/01/2016	petitced	PAKIT		
2016-01-17	petitced	Pakit		
01/01/2016	marcclint	Clint		
19/01/2016	mars	GrEeN		
01/01/2015	asdfas	Krayn		
2016-01-18	subjective	-Subjective		
21/01/2016 13:17:15	rasta	FrT|Rasta		
21/01/2016 16:55:08	subjectinator	|DnC|Subjective		
22/01/2016 10:34:31	gazoline	gazoline		
01/01/2015	vfl	Nieukerk		
26/01/2016 07:23:43	thla	~|TAA|~thla		
2016-01-22	roms	Rom's		
28/01/2016 12:00:00	suicidesquad	~|TAA|~suicide		
01/01/2015	lucasbr	Lucas		
29/01/2016 14:39:46	luck	=MyS=		
01/01/2015	dodi	silamo		
30/01/2016 14:16:25	teiroz	[SKW]#Teiroz		
30/01/2016 14:25:03	tntgameplays	[SKW]#Tnt		
01/01/2015	pol	pola|3i		
30/01/2016 19:39:29	davidfb	[SKW]#VaultBoy		
2015-09-01	exoduss	B}ExodusS		
01/01/2015	pluto	Pluto		
01/01/2015	lober	J2U		
02/02/2016 13:55:11	amychan	AmyChanTR		
01/01/2016	jeee	jeee		
2016-02-03	dxservers	U|DaylixX		
01/01/2015	thug	Thug		
01/01/2015	papacho	PAPACHO		04/02/2016 00:13:40
04/02/2016 00:28:06	darlygamer	DarlyGamerPro		
01/01/2015	srpersian	SrPER$IAN		
01/01/2016	phos	phos		
05/02/2016 20:00:00	meanduck	Pi_meanduck		
05/02/2016 20:00:00	dodi	~|TAA|~silamo		
2016-02-03	crash	crash		
08/02/2016 05:35:41	unlegged	unlegged		
08/02/2016 21:47:03	topfrags	ToP.!Frags		
2016-02-11	endgame	EndGame		
2016-02-13	dodi	|3i|silamo		
14/02/2016 05:18:15	silent	Silent		
20/02/2016 13:41:06	lssgod	lssgod		
21/02/2016 21:18:43	nippletree	NippleTree		
02/03/2016 14:10:27	undefined	CreeD		
03/03/2016 14:34:04	ass	Nieukerk69		
10/03/2016 04:39:00	daixfnwpu	daixfnwpu		
11/03/2016 01:35:50	yallaaah	yallaaah		
2016-02-20	rndmz	Pi_Gurung		
17/03/2016 20:51:50	anger	anger		
21/03/2016 20:08:13	islam	silamo		
28/03/2016 05:00:14	ruthless	Ruthless		
30/03/2016 19:49:33	scorpion	scorpion_93		
31/03/2016 15:19:50	ugartez	D3T0		
06/04/2016 01:41:44	lastman	[CIA]lastman		
07/04/2016 11:14:00	sda	~|TAA|~XC3		
10/04/2016 06:15:18	forever	|DnC|f0r3v3r+		
10/04/2016 07:40:23	rez	rez		
2016-04-10	pluto	iR|Pluto		
2016-04-10	vmc	|40+|Humbucker		
14/04/2016 01:19:16	avalon	avalon		
16/04/2016 15:11:26	meowz	M30wz|3i|		
2016-04-01	suicidesquad	~|TAA|~Suicide		
2016-04-16	ketar	ZZ|Ketar*		
2016-04-16	geatzo	ZZ|*G		
2016-04-16	zangetsu	Feitan|ZZ		
2016-04-16	rafael	iR|.Rafa*		
24/04/2016 14:00:05	morry	Morry		
2016-04-23	zangetsu	Zangetsu|ZZ		
2016-04-16	piotrekmpc	|DnC|anyone		
24/04/2016 18:01:18	lecoq	Lecoq		
2016-04-16	roms	~|TAA|~Rom's		
2016-04-27	master	ZZ|CR7		
2016-04-28	morry	Morry=MyS=		
2016-04-28	hakou	AC...|ZZ		
2016-04-29	mise	Mise=MyS=		
2016-04-29	lean	|DnC|LeaN~		
2016-04-29	dxservers	DaylixX		
2016-04-30	fede	ZZ|Fede		
2016-05-01	abc	cannonfodder|ZZ		
2016-05-01	roms	Rom's		
02/05/2016 17:24:04	zzzzz	Patroclus		
03/05/2016 00:10:26	estan	iR|Estan		
01/05/2016	khawor	Khawor		
2016-05-03	crash	ZZ|crash		
04/05/2016 20:23:04	hosta	.rC|Hosta		
01/08/2015	vule	Pi_Vule		
10/05/2016 23:40:06	mysjason	Jas0n		
11/05/2016 12:44:24	hacker	hacker		
2016-05-10	zzzzz	Patroclus=MyS=		
15/05/2016 06:18:05	xtrm	XTRM|H8F(_)CK3R		
15/05/2016 22:25:31	stormdog	St0rMd0g		
16/05/2016 01:52:00	sgmonkey	[SG]Monkey		
17/05/2016 12:16:29	londonpunk	London_Punk		
14/01/2015	furiosmys	Furios=MyS=		
2016-05-18	lean	=MyS=LeaN~		
20/05/2016 23:36:06	mimosami	sami13		
22/05/2016 14:15:38	ainsley	Ainsley		
23/05/2016 16:00:00	mise	Shifty		
2016-05-24	mimosami	~lTAAl~sami13		Drakas entered this, NCR was wrong
27/05/2016 22:06:47	shakaw	'ShaKaw		
28/05/2016 01:36:41	mountain	|DnC|Mountain		
28/05/2016 12:12:32	hoe	[SG]SgtHoe		
30/05/2016 23:45:47	shakawir	iR|*ShaKaw''		
05/06/2016 07:30:50	spartan	felipestoker		
06/06/2016 19:50:57	crotemplar	CroTemplar		
2016-06-13	luck	=MyS=L		
15/06/2016 22:12:46	drsmack	drsmack		
18/06/2016 12:10:21	rage	Rage		
2015-01-01	vanquish	skitsnackare		
2016-06-18	vanquish	w00p|Vanquish		
2016-06-01	hex	H3X|ZZ		
2016-06-01	nemo	|BC|nemo		
21/06/2016 04:00:14	mew	!mew		
2016-06-23	thla	MilkMan		
27/06/2016 08:16:21	lockhazer	LockHazer		
2016-06-26	morry	bang.Morry		
30/06/2016 08:22:22	allof	All_of		
2016-06-30	mise	bang.Mise		
2016-06-30	morry	bang.Morry		
2016-06-30	friteq	bang.Friteq		
02/07/2016 00:01:00	morry	morry		
2016-07-02	friteq	|oNe|Friteq		
03/07/2016 13:34:32	phaenton	Vlad		
04/07/2016 20:39:34	zuk	zuk		
2016-01-01	lerdo	ZZ|LeRd0*		
2016-07-05	mise	vis.Mise		
2016-07-05	morry	vis.Morry		
2016-07-05	friteq	vis.Friteq		
11/07/2016 02:46:23	doctor	Dr.P		
12/07/2016 17:29:21	sveark	Sveark=MyS=		
16/07/2016 19:39:03	mystered	Mystered		
17/07/2016 04:52:56	youlost	YouLosT		
27/07/2016 21:51:47	phael	PhAel		
29/07/2016 12:55:14	chromeo	Chromeo		
01/08/2016 02:44:46	nyats	Nyats		
02/08/2016 23:31:31	epicmonkey	EpicMonkey447		
2016-01-17	marcclint	xClint		
2016-07-05	mimosami	~|TAA|~KIRA		
2016-07-16	morry	Morry		
2016-05-02	roms	ZZ|Rom's		
10/08/2016 13:34:46	boxer	boxer		
12/08/2016 14:19:01	burn	bURN		
12/08/2016 14:54:35	mazellan	DES|Mazellan		
11/08/2016	mise	dvsn		
16/08/2016 12:20:09	sga	sga|3i		
26/08/2016 09:08:18	kimjongun	KimJongUn		
26/08/2016 19:46:52	sofianemys	-Sofiane=MyS=		
17/08/2016	quico	eM|'quico		
17/08/2016	catico	eM|'Minion		
13/08/2016	aarmaa	FD*armagedon		
2016-08-27	hure	hure		
2016-08-28	bernatix	AS|.Lethaus		
31/08/2016 04:48:00	reaper	Reaper		
03/09/2016 15:02:48	vladut	F.R.A.T.M		
2016-09-01	morry	morry		
2016-08-01	narcotik	NarcotiK		
2016-08-04	fede	FD*fede		
11/09/2016 10:42:48	hexshooter	ElietShaddow		
16/09/2016 10:23:06	ackamile	[aCKa]Mile		
2016-09-20	mise	.rC|dvsn		
2016-09-04	hure	Pi_hure		
2016-09-10	vanquish	vanquish		
30/09/2016 15:14:59	hermiona	Hermiona		
30/09/2016 18:38:14	enderfall	MrEnderfall		
05/10/2016 10:04:18	sdbs	SDBS		
2016-10-05	nemo	|BC|KennyS		
2016-10-07	zangetsu	Zangetsu		
08/10/2016	rage	~|TAA|~Rage		
04/11/2016 02:41:43	tyrone	Undead|oNe|		
04/11/2016 13:31:28	vahammo	|VAH|-Ammo		
16/11/2016 22:06:09	undeadz	UNDEADz		
17/11/2016 02:06:05	yksmall	YKSMALL		
20/11/2016 02:21:01	ruan	ruan		
07/12/2016 21:36:30	kuro	Kur0		
05/11/2016	piotrekmpc	piotrekmpc		
22/12/2016 00:47:18	eboot	EBOOT		
25/12/2016 20:16:52	gumball	gumball		
26/12/2016 19:27:33	taaneo	~|TAA|~Neo		
28/12/2016 07:45:36	flame	flame		
28/12/2016 09:09:39	taakllx	~|TAA|~K!LLx		
2016-08-17	catico	Pi_Minion		
03/01/2017 23:21:51	taapzycho	~|TAA|~Pzych0		
05/01/2017 09:22:40	gybe	gy_be		
05/01/2017 15:38:32	rlpacifist	RLpacifist		
08/01/2017 09:48:19	kaz	KAZ		
08/01/2017 09:48:19	gybe	ZZ|gy_be		
2017-01-08	hexshooter	HotZera		
2017-01-14	eboot	happycat		
2017-01-13	vule	Pi_vule		
2017-01-13	rayden	.RayDen		
16/01/2017 21:12:20	underarm	underarm		
17/01/2017 18:30:14	taasilamo	TAAsilamo		
23/01/2017 01:23:35	baroni	Mr.Hyde		
23/01/2017 15:56:36	aosweed	|AoS|WeeD#		
23/01/2017 23:49:39	drakas	w00p|Drakas		
25/01/2017 14:40:04	deafiebug	DeafieGamer		
26/01/2017 02:59:04	crybaby	crybaby		
2017-01-28	vule	vule		
28/01/2017 21:37:05	andrez	Andrez		
29/01/2017 20:56:02	taasilamoo	~|TAA|~silamoo		
29/01/2017 20:56:03	taasilamoo	~|TAA|~silamoo		
01/02/2017 08:38:20	trader	Trader		
28/01/2017	vule	vule		
02/02/2017 17:30:20	davidvultu	Vulture		
04/02/2017 08:59:44	pumpkin	PUMPKIN		
04/02/2017 12:27:51	drakas	w00p|Drakas		
04/02/2017 12:37:01	drakas	w00p|Drakas		
04/02/2017 12:48:47	drakas	w00p|Drakas		
04/02/2017 12:50:42	drakas	w00p|Drakas		
04/02/2017 12:58:45	drakas	w00p|Drakas		
04/02/2017 13:02:08	drakas	w00p|Drakas		
04/02/2017 13:04:23	drakas	w00p|Drakas		
04/02/2017 13:10:20	drakas	w00p|Drakas		
05/02/2017	quico	quico		
2016-08-12	tea	FD*Teapot		
07/02/2017 14:42:14	kkz	kkz		
11/02/2017 18:49:59	frozzy	Frozzy		
12/02/2017 14:19:21	gearoffour	gear4s		
14/02/2017 10:17:24	eviltwin	Evil_Twin		
14/02/2017 17:36:42	courtois	Courtois		
15/02/2017 18:15:01	killingj	KillingJoke		
19/02/2017 14:13:11	kozlowst	kozlowst		
20/02/2017 15:56:17	infinity	Infinity		
22/02/2017 05:36:21	hannibal	Hannibal		
23/02/2017 02:00:30	rober	Rober0014		
25/02/2017 03:53:07	xfa	A&D_XFA		
02/03/2017 12:57:42	harps	harps		
18/03/2017 06:30:40	totalsecon	totalsecond		
19/03/2017 07:54:57	syarwan	R1theLegend		
22/03/2017 08:49:14	xtc	XTC16		
26/03/2017 19:07:53	petitprinc	Petitprince		
26/03/2017 19:09:04	jahoo	Jahoo		
29/03/2017 03:44:38	eva	.Eva''		
29/03/2017 14:31:48	bigbaddy	Bigbaddy		
05/04/2017 16:06:02	zombie	zombie		
2017-04-08	infinity	[PSY]Infinity		
2016-08-12	tea	Tea		
09/04/2017 10:43:34	carlos	CarloS		
10/04/2017 00:29:04	huntsman	B}Soup!		
11/04/2017 12:00:34	suspicion	|DnA|-Suspicion		
13/04/2017 16:03:01	zop	ZoOoOpEr_NoOoOb		
2017-01-02	unlegged	|DnC|Vext		
22/04/2017 06:24:27	djfx	deejayfx		
23/04/2017 11:16:27	swagittaur	=HM=Sagittarius		
24/04/2017 00:30:07	alivelox	AliveLox		
25/04/2017 10:44:57	niko	mouZ|.niKo''		
25/04/2017 19:39:09	vulehimslf	Pi_Vule		
13/04/2017	lexus	.LeXu$''		
10/02/2017	trader	ZZ|Trader		
17/03/2017	carlos	FnX		
04/04/2017	carlos	FnX|*n0thing		
27/04/2017	kuro	Karma		
29/04/2017 06:20:29	hello	fffffffffff		
30/04/2017 20:21:57	sniff	sniff		
29/04/2017	lexus	|oNe|.LeXu$''		
01/05/2017 18:41:54	jaolocao	jaolocao		
02/05/2017 22:42:48	staticv	St.AtiC}V		
04/05/2017 15:32:28	saxze	SaXzE{TYD}		
05/05/2017 18:40:22	benson	Benson		
06/05/2017 17:38:24	myth	BrutalSystem		
07/05/2017 01:58:21	sossa	sossa		
07/05/2017 12:11:52	antywisla	antywisla		
09/05/2017 02:50:56	prawns	TofuBoy4Real		
09/05/2017 09:00:35	cobra	cobra		
11/05/2017 07:37:54	zik	zikwal		
14/05/2017 18:41:11	furybrc	FURY*[BRC]		
15/05/2017 22:54:55	darky	Darky		
16/05/2017 09:33:09	vmtonyaus	.vM|Tony|AUS		
17/05/2017 13:13:05	etch	Etch		
22/05/2017 21:28:44	kjoke	K.|Joke|		
25/05/2017 16:41:25	ciclon	CicloN		
27/05/2017 12:28:01	kugo	Kugo		
29/05/2017 20:29:32	coguac	coguAC		
01/06/2017 13:40:51	zeno	zeno		
04/06/2017 06:34:17	scmscrew	sCr3W^M4Tr!X+		
06/06/2017 18:22:26	evian	Evian		
14/06/2017 17:15:45	pipomps	Pi_Pomps		
15/06/2017 18:07:07	anykia	anykia		
19/06/2017 23:11:06	ogselnn	oG.|SeL!NN		
22/06/2017 16:37:09	rogger	~|TAA|~NeRd		
25/06/2017 15:00:29	epictrog	EpicTrogdor2		
25/06/2017 15:02:37	coolsou	coolsou		
28/06/2017 19:40:47	matheus	matheus		
28/06/2017 22:02:34	vaseria	vaseria
